id,attrition_flag
3005,0.002080512295544737
143,0.8462792238279581
5508,3.1313636382251226e-4
6474,1.9771841016905347e-4
9784,0.0017571210213222339
3615,0.004889362620386591
1146,0.0022489800801313215
9014,1.882918974308115e-4
5893,0.03595919814242103
6095,0.012576192694168632
7048,0.8897118270443928
8010,0.015018203081189915
5377,6.87783465259003e-4
6609,4.1714816169383703e-4
9076,0.014739591674931697
8179,0.9880452329532254
5559,0.05475100883462329
5151,0.0012179523857670735
2186,0.5218585469799789
4801,0.002566434173508257
320,2.5646469573671653e-4
8661,0.9503027771513062
5103,0.0021162137263394526
5178,0.9272220872448511
6963,0.0013919714208549205
4594,6.198927040471649e-4
9702,0.902764189141987
116,0.0010429364324877975
1958,0.0013308593850862695
9577,0.002964209257286365
820,3.4590447045615874e-4
1544,6.882657640783924e-4
9175,0.8369039793503891
4672,0.9584641020955129
9007,0.001997285037391761
757,6.461406874633764e-4
85,3.466845321564113e-4
3721,2.689971119580822e-4
8624,0.002152624073338812
5666,0.020529728904184884
2866,8.602292448662629e-4
1915,1.8031378503894662e-4
3922,1.365560406105142e-4
1763,0.0022415081654363614
6042,2.5974055607912193e-4
6805,0.0014068407842839647
7155,1.4271771799706019e-4
7017,0.0038564833456265334
5200,7.246331382074651e-4
2716,2.1467617408498554e-4
5095,2.325022882792859e-4
8818,0.0014871732871979853
1658,5.089537391417871e-4
7390,5.583078647181518e-4
9924,0.989552750721589
10032,0.023212400350327945
5239,0.006099669369889263
8211,0.9125597438229927
5236,0.928708125829625
1707,0.9869975277260038
5466,4.831303344286642e-4
4421,0.0034237988467004663
3700,1.2207828502620695e-4
7599,7.54543318262251e-4
950,2.859627469871028e-4
8831,0.0010967263580714778
2944,1.8257330517190053e-4
6015,2.644638807818272e-4
4975,0.0010745587215319834
8973,0.9272937759162438
742,1.5789820755347667e-4
7094,0.0033536335100150167
5506,0.004690631954134571
7533,5.071792688979461e-4
7085,0.013699037437229899
1862,0.00455429795816786
7072,0.006667088720562801
843,0.002993702002815464
4144,0.6407040820767128
5349,0.8794114758706515
604,0.0018420605363391011
9918,3.1885684980302614e-4
7763,0.0010549757181236821
9483,2.973871206463009e-4
8627,7.40360269904093e-4
4228,9.801456376125892e-4
5443,0.7968260917671832
8534,1.8400037099728918e-4
4075,0.002076644423550479
1609,0.009527017238995704
1792,0.09719700567616399
2527,0.9479765133626669
5925,0.007707147312814409
7509,0.0015914889870978072
8842,0.0070254210086425775
4137,0.014372384809158341
7997,1.957096047407062e-4
6954,0.0019876940042249614
5298,0.025224244719086835
9856,0.01447880208899457
5357,0.007010763244615071
3739,3.2137261261904637e-4
3622,0.861647701963638
905,9.970256186353006e-5
7960,0.9717859476452059
3041,4.3352371395707505e-4
7421,0.02313599652793408
6742,7.009653003548079e-4
8273,7.814943662290981e-4
6425,8.669822944283716e-4
10099,1.6573284404377457e-4
238,0.01018818063692274
5339,0.00719592594329319
3506,7.002649411325656e-4
8330,0.0018075759562174412
1427,5.747983927955301e-4
4595,7.916240042063991e-4
376,2.7326072654475426e-4
7376,9.903821739667112e-4
6507,0.003674707530487116
5006,2.5862143880304295e-4
8987,0.00739999425463283
2179,0.02399807207610491
3253,1.9330177934297402e-4
5664,0.0014292658382943119
3489,0.005742375785932057
7734,2.7691003625791784e-4
8280,0.00501317161520135
5663,0.001560849351875861
1986,0.2657322503603418
1106,0.983288145383456
2858,1.6267878024692073e-4
8136,0.3244324927657763
1280,1.9097730723088266e-4
7223,0.001002819828217489
776,0.012847717363930155
3957,8.252215250314246e-5
6277,0.06434438026572951
1902,1.741049163473626e-4
2257,0.9769554388190691
9876,5.678256459314022e-4
3709,4.391460399615575e-4
4618,4.3343770700273647e-4
6648,3.3264721245896924e-4
4630,1.3862876690188855e-4
832,0.0011876379903063238
4586,2.146846417306931e-4
8438,0.0028494331881307763
4065,7.206830675316709e-4
3553,0.9775056504395708
2519,1.386078061161926e-4
3072,0.29643232138400133
6444,3.7888859002241837e-4
7231,3.000679586347073e-4
8879,0.9815001918951557
5749,0.004436412176276897
4132,1.1012127809519796e-4
738,5.128716777784961e-4
3194,0.0030902579421554794
6814,0.9820087268497486
7043,0.10781276752242268
4860,0.9862052780190476
3346,4.869301753490302e-4
420,0.9445589868410428
277,0.010166051841897046
5738,3.1708991532006134e-4
9368,4.672176933968603e-4
7338,1.6454276825667507e-4
5012,3.8153022893365165e-4
98,0.9957193731531352
8491,0.010002898849382786
2008,2.8456440158872555e-4
8209,1.7667889840429878e-4
5513,0.12299598017294323
2476,0.00219721498004168
4232,0.008606322080150865
2715,2.195021269587366e-4
6261,1.1346324623358728e-4
2610,0.08095748108035346
7992,0.0029928053677540415
2256,0.019114552019923143
1497,0.9336474856849768
4423,0.9968752501494484
4053,0.0031573856773511907
8857,2.4050594266131935e-4
5808,1.9646501096868215e-4
9606,0.0021185330131899857
3524,0.0016166014214499345
5576,0.12037685352559017
6000,0.9963172120846898
1122,8.502306401570331e-4
8686,6.505944291330014e-4
6554,0.0018798069090165143
3389,6.750456364071701e-4
4951,0.08610927284259581
4615,1.823304601453239e-4
10048,3.2296271020817974e-4
2532,4.504041598215568e-4
10025,0.9623721530872462
7301,0.0015060511835225878
9253,0.004961607916308911
3982,1.4459030307048515e-4
6432,5.928875249318119e-4
402,0.010988514910924002
1277,2.3110458058716953e-4
3997,0.001206141501931041
9727,0.9985074823824827
6256,0.12362286267936472
4739,0.008796264504764282
9061,0.007395819872319754
4000,0.02715038791897594
5993,0.001235757326862388
525,3.084050058877676e-4
4148,4.934576145271646e-4
8810,0.9948952755066555
8865,0.004349226863849149
8373,6.554801699205215e-4
2867,1.5298056759788519e-4
8889,0.012877915914246954
4004,0.007744069408694051
1174,0.0999826159557855
4112,0.9968177386605171
2597,2.2393750084247275e-4
1018,0.35790095088595636
1954,0.9732228078444448
8430,5.167938670718427e-4
87,2.1316135881972945e-4
9748,0.003380036638700942
7588,1.2106781025977643e-4
3871,7.010391508177035e-4
7682,8.851165302888934e-4
7126,2.066179736175021e-4
10083,0.0015266317785666839
4493,0.998993765361044
2125,1.6884910792781525e-4
2644,0.0097793806761158
8595,4.069422684412173e-4
29,0.17215988509410235
1245,0.9974688647900717
5432,3.4150918234326325e-4
7831,3.29556933261705e-4
8264,0.0031169901850681696
1980,0.004011014684093769
4738,6.625586864006207e-4
6568,0.0014544421599639726
30,0.0028800874608792618
4765,3.8354861992578366e-4
9010,3.4058030080053866e-4
1056,0.0010686766017161072
10049,1.9998546871202288e-4
8655,2.3022540367065902e-4
9811,0.2881400055719398
780,0.9719789509207962
9717,0.04199330232446721
9564,3.0168624996570613e-4
8928,2.2017397314320783e-4
1639,1.799963719254508e-4
5390,0.007110712256415284
3008,0.9576024082270029
4067,5.107061953394455e-4
7302,4.415370473088522e-4
5434,0.9987081166294453
8246,0.004200817548491706
7995,0.001352542284752887
7895,0.018086273446322427
9608,6.000189288591681e-4
5424,0.6967281728542367
242,3.758025451649146e-4
6511,0.9964493587859918
220,0.09660974912572137
2986,3.104800813157096e-4
469,0.19009358436248475
1088,3.4489173821389426e-4
8756,5.674354844751222e-4
8081,5.380866463430205e-4
1944,0.005292997056426345
6882,5.43506046452312e-4
866,0.9728884618668113
466,0.8836524110926931
4058,0.0026203032258460745
5264,4.415365497020372e-4
6305,0.9990294383505289
4185,0.005831008398542306
4008,0.002247673941902162
6514,8.797979331113783e-4
1678,3.0458567575771347e-4
3906,0.001755430196435908
3487,4.535206372702869e-4
1964,0.27685084956137224
9470,0.5148444814228913
4028,5.102467907547095e-4
2552,1.7914525936716435e-4
9771,1.738091561797542e-4
5949,0.004205531889419861
1384,4.659457992169934e-4
2012,0.992763224881203
5550,4.815717106035675e-4
8196,1.708701525467747e-4
2604,8.010505226326252e-4
9554,0.0018132644595811177
9018,2.838999564388577e-4
6913,0.9446967942138682
1372,8.865218615140843e-4
7434,0.0021520685352901915
8247,2.0939842168398291e-4
1421,0.0020616481120908645
9639,0.0041236804678103966
873,0.007196845995774837
7408,3.0935320139639333e-4
7752,0.0011635037311440307
3167,7.132548828466695e-4
6266,8.228350368849662e-4
2775,2.2468305987888052e-4
2484,5.046696851173151e-4
4958,4.009937014993271e-4
8989,3.3263266288734535e-4
9770,0.0031897734225203177
5017,1.4693905361478038e-4
6962,2.1169412874922142e-4
10067,4.2939804984515605e-4
7016,0.9839128887849087
7067,4.2877226179927866e-4
8178,0.00677066723346269
8813,0.1393455428836169
5838,3.32185974981485e-4
6052,2.893262633069677e-4
7011,0.20178211962223577
1741,0.0026139905839826765
7880,1.8154955608802755e-4
4427,0.0020476040668321997
78,0.0050298561014082204
5241,0.0017752808997868932
4904,0.0018340664807177318
8586,0.001570508572591167
2985,0.006780619375405957
7820,0.9970731497517376
3751,8.008755524986332e-4
9050,9.121196967722291e-4
7578,0.5858310001534257
9001,0.9899183526353998
2033,1.3673950625244798e-4
5675,0.9982348710879434
2124,0.0066244378417142065
4119,0.3843100174801244
7441,2.1815077972045665e-4
3195,9.840566931207284e-5
5396,2.590016813362442e-4
919,0.001607254616136757
204,0.00913575678575538
9664,0.0030684339229558374
5079,2.4396084933870114e-4
6542,0.6400400991942197
444,7.954443112108648e-4
7989,0.9942248160665974
3504,7.927575017731626e-4
6998,2.1685181923901525e-4
8097,0.01978902797484411
7463,6.269674448621668e-4
7249,2.3389636108009872e-4
5473,5.507379445543856e-4
9239,3.8295484144609566e-4
883,0.5044791460586205
8763,3.6432116798004364e-4
6194,9.822534133675318e-4
3885,1.3878176607634105e-4
8440,1.8871151468732262e-4
2021,2.4476406823906486e-4
7439,0.0066417767431458385
9399,9.937080347165027e-4
5376,0.003838931253834213
4680,0.001893017801031711
5801,0.9932894211756176
9836,4.6871695984375156e-4
1519,2.1248066759020824e-4
700,0.018505770468420276
3317,7.083682842462249e-4
3571,2.3493298407443712e-4
94,0.0057702026215643715
5139,0.010997847616800645
1008,0.0014522310161996712
9016,9.070314754229213e-4
7993,1.7302715656062717e-4
7916,0.004107866894640068
2403,5.010883941050194e-4
2328,0.342098930157008
7620,0.006960095186826479
2599,0.4062617811968194
7892,3.077543322204945e-4
6892,0.001676535834415812
2275,0.9938334846665634
6736,1.8535713203133612e-4
7080,0.051197163615465204
1329,3.2794152589101893e-4
8518,0.0012021940866257183
9589,2.0014534730536553e-4
1585,8.423086996648714e-4
3223,0.015474183136207907
240,0.0129531698703457
9079,1.621498577332682e-4
5986,2.095953106151591e-4
7348,0.0018753120157081232
5492,0.014738475426568967
685,5.171879927281967e-4
8401,0.009192053204403037
6001,0.01683882204110975
8213,0.004950306785819724
8744,0.0025801205037478095
1282,0.0023585426470235176
2076,1.5690041447925077e-4
5283,2.611650430220793e-4
6211,0.0023825613657035604
3067,1.5805608851083327e-4
6662,2.911414239102596e-4
2258,0.9936517289083697
4634,6.081678178083805e-4
3209,0.0011197288202657396
8824,3.0477348882532873e-4
8407,1.2395229326411173e-4
1089,1.8972365062099915e-4
9056,5.828178618601889e-4
7448,0.9951589178044045
9837,9.47718506138469e-4
8090,0.0033295778168133177
9890,0.9988968341276863
7394,8.006818950706212e-5
7133,0.9947461774274057
7197,1.8265076728246382e-4
7028,0.02317312533886871
4032,0.00330682450312913
4923,0.03686123595225094
7674,4.980460210501412e-4
586,1.740421382771965e-4
4230,0.2391833092314589
9217,0.0011909522668488472
450,0.002714688707149241
197,0.1488405030062829
1158,0.9755539277528761
9949,3.604799495819183e-4
1892,0.020999296059722096
5944,0.9872240256296185
6210,0.002964817456896862
7364,0.029876862219333344
8742,0.9837033732338237
2636,2.993948110428909e-4
2309,0.004009472057158268
705,0.014069805606789797
3230,0.004680132805185425
6891,0.007080572874009874
1788,0.9993295663602952
1196,0.0021858519520160553
7,3.9770393489302997e-4
6577,3.4835191157083146e-4
1702,0.049337132114262425
4994,0.028213075119652792
2548,0.008610394135890096
5399,1.9548804933598057e-4
3,2.6471225004464266e-4
3815,0.018229125604022643
9724,7.111851427298436e-4
5358,3.5247692001742515e-4
1947,0.2257639610519332
9481,0.005123634795859499
4681,3.3667625507515425e-4
9670,4.307623604137581e-4
5645,0.998324785897587
6598,0.005786483580550357
3174,0.004344167553505045
1239,2.7304821350162753e-4
649,0.0025216990699871485
8212,5.976803370877125e-4
975,0.0012315855263205814
6644,2.46562326238201e-4
2355,0.016467165041361226
4474,0.09978331084243837
2473,0.021878144225380702
2045,0.001978399553715004
7299,0.8647442657409368
9441,0.022924797156412633
590,0.07996539584111528
315,0.9738250681896481
4670,2.491992905389995e-4
295,2.4793339330324906e-4
2786,0.9940355599562042
7929,0.016799630123378023
5014,0.8157045140873992
4490,0.1943876501923397
1808,1.8416745308906613e-4
5603,6.181946872989214e-4
7465,0.007865588937477143
3958,0.0015109780311438085
1341,5.991962492771047e-4
895,0.7862257530983846
5958,0.0015022172206085535
1086,2.8766505473486106e-4
4613,0.013504981894852565
6903,0.9921470558959815
2201,1.1101183042021569e-4
1001,0.002754604527168936
4859,0.0770100630663174
539,0.004204687745646538
1228,5.142026039210411e-4
3557,7.839397282468628e-4
9523,0.9931819464262581
4418,0.9971772320242854
9320,0.9956224385264418
4675,3.878537999392928e-4
5497,0.9866937901198292
6201,0.001283386593268398
1396,7.600721673142541e-4
1221,0.9907819744546982
4368,0.0016626922863458107
250,0.003607148787072413
6023,0.0014625538871820534
1765,0.001252930030972988
9496,3.4433545221252456e-4
6360,1.9780940239335542e-4
1634,0.0010519583167490493
6324,7.993597290606581e-4
4535,0.0017523102679660762
5748,0.11848823818709453
105,6.866754792829685e-4
8971,3.450040663714057e-4
650,0.004369330372261105
9486,1.1296578518797032e-4
2035,7.525604261693308e-4
7100,0.998651172415557
1781,0.001182921297118788
5892,0.002201020416801643
7597,0.9875426789015845
2487,0.0013763476480568634
8031,0.0023209569150247477
4174,0.9938836384796718
6704,0.0012431374840746591
6495,0.004798443376815154
8489,0.0035091260982221613
1471,0.9798198357480273
3991,0.9907724469682389
5639,7.317744657125155e-4
6370,0.11949868395293485
6312,0.016953613736752495
2996,0.9901733244498462
5826,0.001982155582866067
788,0.006881691147486332
5337,9.385703957258694e-4
6950,0.033702688196618445
2259,2.0178088856218952e-4
7457,3.2510817995847776e-4
4877,7.918326067026412e-4
3234,0.0036867132496515146
7039,0.002428121803584652
9164,0.00914411693074416
5980,0.003268816229805986
9980,0.9978539219048626
104,0.00426042752473091
2972,8.297575320423018e-4
5699,1.0911671925944227e-4
2217,0.0034631584962700034
2978,1.6459955488363042e-4
1330,3.455413704038004e-4
9961,0.015414546791504027
3173,8.143689085620482e-4
8073,0.0012611272211594656
4734,2.034506019112834e-4
8327,0.0071011920948306564
8171,0.19648563198680946
3460,0.054611990156639895
10127,0.11663761669888975
9775,0.003266027679824118
7564,1.463220087708995e-4
2486,0.006393254627186971
3631,0.9805596108551456
1957,0.04549572534045699
9824,0.013786882752616851
7010,0.011883605932199798
7854,4.2562340162638956e-4
1562,0.0018040427377053621
10009,0.019653111089779775
5552,1.6721028526389198e-4
4095,0.05168458368261719
8957,0.02017239282096135
6908,0.005082344499412112
7544,0.998654483891995
941,0.15922633767163896
3290,0.0010575474301491566
4876,0.037030789195193495
5906,4.729901461559654e-4
8290,8.778830690116288e-4
2485,2.4184735764810382e-4
7342,0.0017753024249674966
9649,0.0019978403935793075
8078,0.7101942499430152
6576,4.2175252749183944e-4
9309,0.9759633347253037
4006,0.001993811560029585
7977,0.998126983257778
3609,0.004442204754813198
3533,5.190545351384974e-4
7946,3.115651507342176e-4
4928,0.003386661270751668
4942,0.0019881221919727174
1172,0.0057152830683676785
7312,5.467662762547004e-4
1977,1.4455802613076707e-4
3193,0.002588489719520988
2870,0.016179286505830653
1301,0.9836649059357618
9208,1.517219047087951e-4
6438,0.0932725304600714
5074,3.977700661882322e-4
9635,0.004938082913224255
92,6.199144509640413e-4
3756,0.02196112543729666
7603,5.280602773559243e-4
8652,1.3144004228690055e-4
9246,0.008351261216479585
3895,7.618221936951874e-4
4944,0.9924132541991403
3191,0.02266339640953622
2088,0.03664390165525576
7066,0.016719591102380256
317,3.857518307061902e-4
4717,0.004439800619692108
2103,0.721972275913998
7635,0.002358297500379064
2392,0.9915298824836963
1583,0.0035153287074777863
4443,0.01743768454040664
9290,3.957352106706174e-4
934,0.9515402758146941
378,0.21519881687481035
5456,1.1315563859280691e-4
453,0.03472645750391407
6749,0.95232668768539
1662,3.264903732181296e-4
9280,4.677140047341481e-4
7884,0.0029050054958399685
5394,1.896532810330377e-4
7649,2.36102394960644e-4
7878,3.552119817534075e-4
1875,2.342602009638681e-4
5077,8.766089542693718e-4
2013,0.9933510192460433
9758,0.07318086863711445
3966,0.01040835812233323
5697,0.0035921584432731784
8913,0.9992468357216002
9618,0.0010196763611765804
1976,6.575323365370276e-4
4829,0.3931238916137463
5622,0.11311111809320916
9401,1.3484546962914243e-4
9065,2.9466508987787196e-4
581,1.876226278313677e-4
5610,0.9951075437960707
2520,0.0011509712967957126
7502,0.0013937409693199072
3900,5.221466886068109e-4
3143,0.0029912879433599444
8130,1.1566003747663128e-4
7478,3.317806907945583e-4
6368,0.9870895585486711
2601,0.9926950639360635
4007,7.502459920019281e-4
5652,0.007215996863756261
1020,1.74173341623551e-4
1455,0.0138126056394842
2324,0.9631132330017004
9920,0.008719838052250078
9028,6.879070854435549e-4
7429,5.644074431705154e-4
6016,3.0151045454513683e-4
7807,3.110965092326046e-4
850,0.0023630879861874167
4140,0.001354719760041182
9321,3.501275586310775e-4
5183,0.006693241121269256
4115,3.5335223071134985e-4
9508,0.019269991868991674
89,9.245915249678521e-4
8687,0.9787908806157372
4619,1.3507834869160124e-4
2195,0.3388274443056861
6917,8.394185064249235e-4
4721,6.39840711763301e-4
2465,5.750767771294102e-4
8208,0.016115723033208913
575,0.001025063253567171
4502,0.9548017646006338
1276,6.106283642693807e-4
2026,0.9040504027438887
5665,2.210656300993992e-4
5072,0.022644340257671425
6922,0.009081987539833185
4255,0.0012248923616950036
5643,0.9702989563418042
9048,0.7781766154583599
6842,0.0018597585715671196
1560,7.270904253969556e-4
4655,0.0016085580878329037
10096,3.5324348029596597e-4
5985,7.18941000455946e-4
3933,3.29727994878656e-4
2114,0.9856376562591292
6157,4.3918841112854654e-4
8724,4.671947682231829e-4
3273,0.0016075350406451019
6132,0.044172777222551814
8152,0.0019958378746075555
7528,4.1947109808540615e-4
5909,0.9947014040459315
2795,0.06211439581586988
7910,8.229545314439824e-4
371,3.613836289190673e-4
3365,4.015654419531311e-4
8096,0.003405410776458494
5910,1.6484733326328416e-4
9074,0.004363454292341879
9744,3.9434970007389724e-4
9468,1.4637650453712677e-4
9661,0.9946671257957275
8314,6.783872672319625e-4
4076,0.006016022113570963
8195,0.9783690566167847
2454,0.0049424740935808086
178,0.9729638637752828
3676,0.038019681393734565
7852,0.00337816106003898
7514,0.008474593984660952
34,0.006730188749370302
7415,3.617443504690349e-4
6634,0.9975553023454431
1747,0.008090630728035604
1854,0.028517913952593565
3168,0.9912934470904734
5953,2.4372400419983778e-4
7647,6.606366377585945e-4
6606,0.9961070196156897
10029,0.5096860429647129
2057,0.05301439081658502
2698,9.472765325697054e-4
1417,0.9947302162077887
6727,2.4647146037783325e-4
2365,0.14604553230262765
3568,0.0031642926716884665
4603,6.858770270281335e-4
4814,1.6568555769404134e-4
6088,3.702551315662575e-4
7090,0.998018048615986
1555,0.9515133939919195
2098,0.001805643487811662
4606,0.022671781285165123
6607,0.04215272379299731
7683,0.02000067803039697
2084,2.597785418614231e-4
7627,0.018504745572984732
1666,0.0024064207743728873
2276,0.9937482033978586
2164,2.412009304601079e-4
536,0.004015889207417573
3349,5.334256768045765e-4
282,0.0024484489699103233
5525,0.00984165762535335
2282,5.813949290856992e-4
3775,0.012466168221627662
8607,0.8811078940683574
3754,9.511617501142808e-4
2756,0.005054022977032895
5656,0.9706113307248722
1234,0.003701889150244469
8138,0.15549792522880287
1325,0.021887270978531197
9650,6.476958459729401e-4
8725,0.9540662125987713
6329,0.7108612664065165
4836,0.027783029261939634
5984,0.09641657866107946
6302,0.9807754040097767
6985,0.39425485903236085
9600,2.680792617199705e-4
5684,0.22828544580773266
2468,1.4642904344818911e-4
6500,0.001458875733810702
7356,0.0018183639319740651
5889,2.901473404882807e-4
3439,0.0032627302624427144
1406,0.007963453867235182
5736,8.827777772980637e-4
2536,4.04616076096351e-4
8895,0.00406462786600864
8821,1.365200996068262e-4
4091,4.44825601874234e-4
4019,0.9918020475286409
9740,0.9968901057930966
7617,1.074915589590501e-4
5682,0.026934750010352667
4337,0.03449080581757805
7244,1.7982878942760457e-4
6098,0.08306874344200174
6628,0.7908462692052163
7373,5.412879465018523e-4
2169,2.491048252169482e-4
9102,0.9916467680203184
8530,0.8272852955554786
6858,0.07013856302237531
6694,4.2512730116976873e-4
2939,4.513104648328262e-4
4893,0.001734290681511176
5747,2.223788485416071e-4
3107,1.6717161819836113e-4
8304,0.0022662194701573444
10042,0.9579424423012282
9547,0.0029368361750056445
4321,0.9575341524416012
6881,0.020275013580393967
3662,0.19329618821258607
7901,0.5723724839901032
2802,0.001011283992494674
3938,0.016198303842367305
4291,5.994030676214512e-4
6048,0.99349111343147
7643,0.987867712946007
3052,0.4271512679046482
1685,2.9654789652904884e-4
4281,1.40075272520166e-4
2522,6.698436407242458e-4
8190,0.0044911396894028715
208,0.0308870077877037
9943,1.4930132643619075e-4
9548,0.002470861391890455
2401,0.004980439749476157
7340,0.078253594975809
5190,0.9986341469860027
2506,0.9945544498634526
1193,0.0030333392404457583
6569,1.4320227141565627e-4
5766,0.004626780755795705
1727,1.6066650340967572e-4
4030,1.6348724314861992e-4
1346,0.0029119776773412092
9221,0.00554147772510758
789,4.10880562027488e-4
1766,0.003559871892752634
6753,0.8480846691333659
4425,0.9790464801534926
7472,0.0041373681854728565
6884,1.4843717267055883e-4
1423,0.0024607497578818874
1967,2.1404542322337518e-4
4784,3.5655614525993955e-4
5416,0.9832287830656927
3941,1.9808353049745182e-4
633,0.007001235911952504
7057,1.3486884383622142e-4
3740,0.8835297268320543
8630,1.4181519048638984e-4
4360,0.07602954556806206
6911,1.2611275330173414e-4
4245,0.0010195041153803423
7309,0.0020741276968533422
2562,0.99591288890041485
6610,0.9329713783537625
2833,0.9965903585604178
10044,7.488579289014661e-4
1135,0.9842234546571851
1494,3.057651281189165e-4
1536,5.350631616878813e-4
1483,0.004021543217690666
4254,0.0013131360618176013
6539,0.001642319885776603
4953,0.7400333923542798
10061,4.788497742459967e-4
2450,0.0993659792832486
2227,0.001327188777318824
7954,2.246521435461228e-4
9042,0.9964311865125298
3611,3.765045028189354e-4
6106,0.001183378057048453
8232,0.003170532367482153
8974,0.0018246730216201774
551,1.8389090369605438e-4
7766,3.7665518488870167e-4
7561,0.9969923510756439
464,6.356713647777026e-4
9070,3.865039225385835e-4
5366,2.658655219435024e-4
6936,3.215336702932293e-4
9942,0.0021061944758687047
5872,9.306302936320487e-4
6259,0.0031775444421591804
8032,8.793047750172073e-4
9207,0.9440539886433538
4846,0.9969789660849266
1284,8.598477867780274e-4
4817,0.0013053875089678569
1703,0.7636874608769835
1556,6.876744354714478e-4
3053,0.002771803973275103
5731,1.388901819757338e-4
9539,0.9143622952177727
4248,0.5119237525549647
5912,0.007222306389066245
2456,0.0022489197219850987
8553,0.001010016633376309
1269,5.999672667216981e-4
673,0.5914960593867759
4774,4.856244927351629e-4
4249,8.452102150941799e-4
8117,4.147687754954025e-4
4964,0.014750084903293416
8873,0.00385356673709992
9846,2.1716289187409047e-4
5162,1.406906690765345e-4
4500,0.0189543327753735
7435,0.025294155023778735
1871,0.9962426968161046
9917,8.782722985219261e-4
9684,0.017549342714973395
8193,5.049258795080944e-4
1807,4.220133044726664e-4
824,3.398478515084408e-4
712,7.47089070327612e-4
5863,0.980057329869102
9658,0.0024779914373086304
521,0.3957423904934398
6359,0.005262957740372112
264,1.454128363616252e-4
2499,3.7188489595792645e-4
1349,0.0059841620231466325
4090,0.9348344413242365
5247,0.004913943946126678
2332,5.275067204425312e-4
61,0.0010379680214731286
3199,0.012256418849775358
8142,0.8562224257479566
4761,5.311770010806014e-4
3068,8.82938872217019e-4
2714,0.00419276880475272
7644,0.0031989382782210214
4936,0.9978663814019056
3779,0.0021413491228669643
8467,0.9776179759544668
7210,1.1100038889364575e-4
1918,0.0025039982478978133
1628,2.1910553790679117e-4
9334,0.004514086929528675
6373,0.004741488355587443
2796,0.0020420051647397587
3116,0.003129706994871901
5795,0.9993194858441883
4612,0.001655442208783596
2941,3.153513847691797e-4
6924,7.50670658819876e-4
3545,0.002564267510570161
1823,0.004060661991686327
6941,0.0015050986156489015
8310,0.9571181595965355
7283,1.7892116341095725e-4
7712,8.787789399406156e-5
1155,6.084426909250707e-4
7907,2.9249590654929905e-4
6411,2.471693215256903e-4
2625,1.4223906988154869e-4
2814,9.744240185208112e-4
8091,2.420719226600293e-4
3282,0.009776659092379325
6778,0.001782800625787587
8998,1.720748819659133e-4
3570,0.014902681562523161
2024,1.606858240929881e-4
4712,0.004282237643529065
3584,0.04736897137595799
9136,0.028573787062523427
2687,0.01198477465104226
2881,2.6658391916682965e-4
9863,0.12042165045835432
2031,5.06109272800434e-4
8241,0.9654356402216855
4847,0.0017734280875119223
9505,0.11568664244963049
3793,0.001967903716698174
6909,0.9844511311980333
704,8.957334481646599e-4
939,0.00600029155741593
6398,0.007522718443945671
5793,6.518258997645427e-4
4083,0.10397096512798276
2234,7.490327615931692e-5
1461,0.006126648822199869
4167,0.998957578222832
6990,0.9962618518985962
5651,0.0012065613774945223
7733,0.002790729214758737
6337,0.8191403799850029
8929,0.019594824329927093
2984,0.9989114565613244
326,0.011865234727999989
4481,7.851184051205462e-4
417,2.6243080312418203e-4
6790,0.00039730408301364843
7664,3.5005374951166466e-4
2845,0.01033183108688726
4541,6.346299036948053e-4
3661,5.778374340599829e-4
8701,5.376904989929757e-4
6190,1.2415853088724538e-4
3880,1.351303242081163e-4
4323,6.486415418708334e-4
10087,1.393091834947461e-4
3374,0.005946131303072917
621,0.2614315499009932
6130,0.012726129087760435
7744,0.4249989121571649
957,0.026408530345650192
8563,1.395397232591506e-4
3328,6.38680322604185e-4
6382,1.4125857688015926e-4
7428,0.7280816329611719
3994,0.0010661772623460001
7815,2.0403445068594532e-4
6291,1.8119354520847498e-4
3899,3.73164102497612e-4
8972,0.00626498258460572
4911,0.9960760977843747
7471,1.3774608084574737e-4
6904,0.0011067659849003356
1012,4.969088137637104e-4
4259,0.025386716052325085
63,9.831050659449587e-4
10086,4.982466371460077e-4
9614,0.0015089088219938332
9218,0.001252624361740224
5908,0.04882221473334814
5312,2.8315889741767483e-4
4449,0.06113824995144793
3912,7.636797427406508e-4
3921,2.3844966631826248e-4
493,1.3829703967419677e-4
2229,7.965045414391647e-5
755,2.3845970856816267e-4
1120,0.0019833358260948793
7764,0.08640449090346573
4627,4.884622489682634e-4
7113,0.351782232716762
3249,0.05376253862275799
6445,2.7842267015368885e-4
7679,0.001436427646589281
7335,0.0031971021115543043
2849,0.0036117284707237133
4974,1.872756738933975e-4
7899,0.0017684261976689867
8875,0.001436674195042257
1105,1.487573185735785e-4
8041,0.0012367984919366213
7034,0.9237186662868588
4587,9.501283038433025e-4
4235,0.001723470345120421
5882,3.531633267359367e-4
2288,0.003804483119358129
2400,2.9089265951322583e-4
9171,0.044910115487349384
9262,0.003240621759732585
9934,0.28594537741415904
8997,8.883783140412149e-4
7250,0.006614602351472148
8747,6.833919777163993e-4
6762,4.918285972931117e-4
5073,1.774146339289828e-4
723,0.018294861816231408
6870,8.225188436129596e-4
4434,4.4875177945940175e-4
80,0.010356753711428704
2480,0.9519589444408685
9412,0.011332652664798066
1464,0.9955559295684417
1927,0.9963673505606381
9478,5.889631614703515e-4
8844,0.003619899730961682
7374,0.7217396832757057
1730,3.693102688314001e-4
4965,0.007311435908389666
4949,0.9819588065718592
8018,0.9905882942777787
1733,0.028407249296362912
6932,0.21878153220376503
6459,1.4510178730018207e-4
3916,1.726031868073873e-4
3340,0.002712330728986299
6689,0.9940288748246742
7314,6.372000216214141e-4
3947,0.10491221256214471
6816,2.1211878953740574e-4
5410,4.7944676156101853e-4
1891,4.656752439573268e-4
486,3.4393376847911047e-4
5968,0.9819734299161268
5829,1.2004538224775667e-4
800,0.9981145991873979
1882,0.9784289684563799
5690,0.0014285018540999136
853,3.9394624987378166e-4
5537,0.0047611364364971015
1877,0.002442582837497316
9947,0.9825314407570411
3593,0.0070752681005099355
9647,0.003653911312456054
6026,2.3565072926525158e-4
2827,0.001419850043100939
3796,0.002345793165494123
6251,8.164062257531227e-4
6363,2.2800250643567556e-4
1559,3.2653270474037753e-4
6844,0.9988223278607644
9898,0.9939700774095254
4769,4.928293633257145e-4
1744,0.003602395677321598
3210,0.9746031186365418
1917,0.011337465919735506
7362,3.0939823581686783e-4
2554,0.0023048063902069444
4383,0.006112111467488308
3527,0.0018385491918517538
8174,0.00907156682423312
8064,1.16096982578817e-4
5334,2.1788651528402463e-4
3200,0.998688574891527
9454,5.718861323043343e-4
5005,0.001885311728401729
4544,0.006799060673838837
8367,0.22419380939651407
2910,0.0174005439548405
4849,0.0013627163394853287
328,3.8762085382776666e-4
635,7.005061338869597e-4
3425,8.480262137806196e-4
3960,1.0296949125315588e-4
9023,0.6767860056525438
4456,1.1986010257730934e-4
4845,3.2414978232594456e-4
5566,5.549892826257571e-4
7359,0.0011245313999255304
313,1.6835110228712909e-4
552,0.012962688032004626
10015,0.00545087905586957
1217,0.20077798843703712
6110,0.001043785802820297
3152,7.723515714250941e-4
8706,6.046616899481158e-4
9418,6.394267186005871e-4
1725,3.386423980587814e-4
6743,7.747969252373636e-4
5225,0.004558571669376552
2154,0.0073570011661349315
4439,0.9995622934589207
347,0.002368912688666638
4264,0.03429362101344891
6155,0.997124192619546
7392,0.012418311900877662
6460,4.6504340507979013e-4
3023,0.00864689140234441
6353,0.7432811674442911
384,0.9974349580860927
4628,0.002736515668746684
1681,1.0413883133306303e-4
7053,1.9502153213445643e-4
6208,5.125731181327921e-4
5020,0.0012565871167944701
1281,0.004000113773712462
8779,8.220116529440053e-4
9970,0.9981818804393497
7538,0.028060736224279088
5752,0.41886772812200085
5404,4.494437263057047e-4
1857,0.0038797323702637753
3672,0.10362781130062716
5857,2.0641061011825686e-4
8123,1.228209555748929e-4
1851,0.8617035642164947
5865,9.230499860948285e-4
465,0.9932091251682116
3843,1.7296398568872483e-4
4478,7.096039077427785e-4
9868,3.36667123205908e-4
4772,0.014728267270501985
2463,0.01894018395507424
1112,0.0014672613550414876
330,0.0030361270713390614
5786,5.411756283299178e-4
231,0.10218398405022916
2251,0.14240994997598672
1137,0.001088000309697398
1589,2.776521306196309e-4
3452,2.6739732715362076e-4
3865,0.007100757707933901
5030,0.11824432296333019
7427,0.001018717163041044
3021,3.203882165211657e-4
2358,0.06364379598635056
5787,5.376847186738173e-4
1966,0.002626314172939062
3785,2.8057743806421756e-4
4747,0.01179485886983728
8757,0.10665021164321244
1994,0.004897289704020221
4924,0.006788929406240352
7281,3.203641873609892e-4
3627,3.8096025165716544e-4
624,6.713676444673193e-4
154,0.97440669906844
506,4.989085674268081e-4
2410,3.7014107722086414e-4
8131,0.0040480624608721484
1335,1.5846641390031215e-4
3298,6.040338176311349e-4
9599,0.02344665844993285
6912,0.0025298180338318267
4706,0.03739917907784232
4737,1.8588461461161945e-4
1057,1.7008430371939637e-4
5433,4.92820760717406e-4
4180,0.0041467659762996255
902,0.02084903066058772
4313,9.118217521872559e-4
8739,0.0044866676206986675
2056,0.6102666540193147
3185,7.820933381552645e-4
5709,0.004773852261852925
1131,4.715835354607523e-4
5934,1.6295050548363404e-4
5461,0.9643257030224661
1430,5.088528085786046e-4
1058,0.0033514967454410403
4896,6.245993104702391e-4
2300,6.382620018945759e-4
8476,1.5686353598771827e-4
3183,2.9845888055248665e-4
639,3.2644069803473814e-4
2469,0.40582415002452593
10090,4.4563775331713255e-4
9698,0.012694522355072882
3955,5.545148141581117e-4
569,0.0073075620726348435
2131,5.027151476800537e-4
5460,0.011673517144920844
8632,0.001267929709662991
7717,0.003281320663779321
5890,0.841581372651684
1965,0.0042624143522777234
9295,0.0013080384108276424
2399,0.004276771278098353
6102,1.5303719259844164e-4
4725,0.26449050441485655
4106,1.727380163231609e-4
5567,4.709450179249869e-4
8666,3.2479076860650736e-4
1987,7.608752902752554e-4
2264,0.993224418306401
5187,0.012748587839261532
3647,0.002895691634783403
3863,0.001304411410793281
6209,0.9978983109626238
5528,4.199458090438395e-4
4692,2.3561946406883122e-4
7904,7.184957776349192e-4
8387,0.012229089769231549
6700,6.691640178020652e-4
1144,2.779034286857326e-4
256,8.993689118831902e-4
9063,0.001621319913074225
4186,1.3906089479441658e-4
6525,2.5628397078467986e-4
3919,0.9923783763911831
9485,2.3158842386767706e-4
7420,1.9449648877819926e-4
6476,0.0018661200854893708
9675,4.624701870844362e-4
1376,0.11735069346341552
8485,0.9621494901219931
8098,0.958730525508317
5976,2.607176455502068e-4
6424,0.0022817990265000827
8377,7.110713131637593e-4
4336,0.9983632712079339
4049,0.09347941544235108
1467,0.003835374948750906
8429,0.0017126859516989749
8350,8.272181699519208e-4
3708,0.002672673473078752
6354,3.481285763107651e-4
2205,6.578265153590175e-4
4329,3.19466857520376e-4
4991,3.2133629515478335e-4
8689,0.004703208046290989
2526,0.008126518765900561
8143,1.2162440395719948e-4
2871,4.3469603291504595e-4
8036,0.9306300320394354
2489,0.9590387344417783
618,3.429901005469095e-4
6461,0.007626117937741456
3795,0.11577777903340809
6043,0.47760718892351145
5726,4.0496329188360696e-4
2232,1.326178405891462e-4
3653,3.6493863246135253e-4
7151,0.010124179023110809
4326,1.5665984249775845e-4
1152,8.064090352761477e-4
8236,1.397448653860815e-4
3471,6.501468063219081e-4
5919,2.1884424676794792e-4
9052,6.667284576341061e-4
7380,0.0032642600920247122
8673,2.558308673884244e-4
7000,0.09320081249086291
3630,0.003720228819381078
5181,3.969281466385999e-4
9242,0.0014124157615939379
9919,4.0561149337957206e-4
4711,0.8597509922480582
3518,8.509326445587166e-4
8740,3.5649435724091947e-4
7555,0.0010803866070410928
5061,0.0017027117961702252
7746,0.0012176103030498366
7127,0.007619842057769863
6643,0.9097783842693602
9637,2.260346125271146e-4
1153,0.0011118983216644996
9952,4.3360443303808584e-4
40,3.0685307636738247e-4
1040,2.49258824149683e-4
2999,8.970082878436319e-4
2291,5.233280857663132e-4
6902,0.001156481796531172
6199,0.0010922412631583127
980,5.738629922044494e-4
6656,0.012818745637331123
253,0.0038295939050402867
2274,0.008167228204032803
2545,1.596098187027335e-4
4851,0.971259459212091
4762,0.9900791253916374
1454,3.7472440081531193e-4
7152,2.491813908435324e-4
3542,0.010289220248873129
2949,0.0019302083258288792
9159,0.0011581241931397101
4388,5.171581490801133e-4
7600,6.764613091802352e-4
5326,8.352355901782079e-4
8908,0.11487184150043232
6740,0.7881078836718639
4809,6.088661338494474e-4
6092,0.9965700700619968
8549,6.720040618374008e-4
6031,0.014107747106682852
3698,2.4216158482025542e-4
5411,0.002295117145534269
2066,4.271781840599101e-4
8910,3.96654590052409e-4
5260,2.965381972727758e-4
9515,7.744430402848273e-4
1916,9.538760762557642e-4
9452,5.252910008461657e-4
4492,1.9057737257937126e-4
4872,0.0020418261120903575
3539,0.05557589219118191
314,2.897232980677547e-4
5431,0.0019328912761771718
6200,5.381888207090384e-4
9742,4.4912371310069194e-4
9598,0.0416820330670485
1762,0.012382525870783706
8444,2.6328258140805597e-4
3154,1.4870812435117766e-4
7657,0.0018835434663375232
8754,0.825362151140183
2904,0.002322228453532292
5719,0.04415656768373107
9305,6.314632274564319e-4
8303,0.9982778206148594
3370,0.0017920455429875017
1011,0.016283105874060386
3378,3.012628500748841e-4
3122,2.2895179932495702e-4
2926,0.9441428499529892
43,0.03154299175692182
9092,0.9966647032032191
7830,0.003983114719298817
4686,5.420270581268061e-4
7975,0.022317950645901776
1576,0.001356267800323045
7963,2.321454694298916e-4
4625,0.5571583551827622
10118,0.0052089186009672715
4160,9.980932761182902e-4
281,0.9786363558344514
273,0.9807569861688293
8477,0.996143621538471
779,8.026030523878137e-4
548,0.001748404358872059
9199,4.1400775927363646e-4
4169,1.0847891813531307e-4
2718,0.0749365438248464
1979,0.0026873702054930086
8668,0.9767378774041217
2676,0.11908732425253266
2374,0.0012447933889984254
2694,0.9965379753326944
7214,0.9953870883751327
1395,0.028007787548682248
6238,0.002156789682410147
7888,9.107080224481911e-4
3908,5.086900576097554e-4
7903,5.363176093621722e-4
5677,1.1546432406128321e-4
5308,1.101335555085891e-4
9626,0.015875566098019062
676,0.010848911531532706
4519,0.003915877720179645
10056,0.9534022451615785
5121,0.7270142664493793
5806,0.0015829111838248752
5621,3.2763789826626826e-4
7941,6.746473513490504e-4
2615,0.009718897687316982
3883,1.055304494375675e-4
3981,7.631178350657174e-4
988,0.9502860182499707
544,5.341339760346705e-4
2898,0.0023808588026179908
6543,3.4383477087428856e-4
5068,4.3141061627665104e-4
4219,9.028086941968537e-4
7519,0.0017515270977998942
6193,0.9222506701876765
7406,3.5887029901049986e-4
9314,0.0028470513249390906
7248,3.4344055629317025e-4
6529,6.738767859751273e-4
6760,0.7393425482728392
6114,1.562908630900846e-4
3574,8.087796045900221e-4
1830,0.0028404636016439904
5822,0.9964945583546668
2333,0.9988528607955668
9665,0.0011041329174700113
3432,1.1518750241403645e-4
8543,0.0011764005000608248
8944,0.0012088812144800684
1422,0.0013952287981719256
3070,2.532852222692798e-4
5926,0.028436407748641555
8993,6.334676142037275e-4
6281,1.526882333608847e-4
4241,0.001324364970176038
6083,0.0027982725993150833
3403,4.1440794597531787e-4
3659,2.415399510771975e-4
5408,4.2908637993860116e-4
403,1.7435021151026916e-4
931,0.0901922813234559
9167,0.0024821951931549846
9261,4.0853043712914066e-4
8856,1.148749982027374e-4
4750,0.8886107013772752
10111,1.3402826184133075e-4
7386,0.9995013398332065
5242,1.0035872881884945e-4
8431,0.9748271544665974
7821,4.971860692775832e-4
6378,1.9186579741857653e-4
1616,2.9429831852471026e-4
1956,2.641468536569411e-4
8657,1.660387814128019e-4
8986,0.0016723231865273724
3160,7.693062101025881e-4
9250,9.900751554956381e-5
4644,2.48423001202549e-4
2663,5.508930295240708e-4
2647,0.003726430004181818
1758,0.011707640460742597
8906,3.8824779542481855e-4
9196,5.801921346143348e-4
6012,0.9823042550900679
9410,2.7120447976181024e-4
2701,7.238296212115065e-4
1680,0.003220338780279121
3565,2.488089425842914e-4
9203,0.9971722877268727
7293,0.08985875077442558
5563,0.006005496497264709
389,0.007113801597235976
5027,0.0021219588629569244
10003,1.9227198257762375e-4
10006,2.2542725174191556e-4
8199,4.2839923224635094e-4
2723,2.069998117600467e-4
468,2.864123422223037e-4
5539,0.9043733408674306
4786,0.0018431018680668504
7506,0.004117574126785153
2168,0.0021899095017915457
5702,0.0013321161884800835
2010,0.00631459691396444
461,0.002125528050476638
6730,7.439659052531489e-4
1842,2.8166277575653693e-4
3281,1.585033901442426e-4
746,0.016857193809557067
7144,0.9910956107349989
7688,9.228216131290358e-4
4319,3.332818804880369e-4
2156,1.9347045285033232e-4
5235,8.942779828634291e-4
6548,3.9905663728303505e-4
5116,4.055239973770786e-4
1287,0.03554160227686771
490,5.45509402811205e-4
3101,0.004208005734735498
965,0.018319582005238103
4599,0.004546880787533877
8584,2.5335365642620777e-4
3466,0.0013400214300569098
8722,0.005472665930801277
8490,0.00310846881850762
9869,4.224847164687596e-4
8557,3.033923781418905e-4
3650,0.005358313229043222
2571,0.684183091969047
6702,0.6234294679349999
2968,0.49226363930338257
8884,0.0016488473112890585
7835,5.438506443942172e-4
1603,0.0017328258897105484
2741,3.0503657148998686e-4
4412,1.6413266821505706e-4
6296,0.0013811949464416797
4150,4.22601527367e-4
379,0.8883333885266604
2732,0.002781977937755152
8958,0.0012170438590591783
3411,6.667907539906833e-4
8547,0.011823648273708425
1262,0.3992107964831091
33,5.124647407285282e-4
8566,7.033810535479368e-4
3465,1.585438542114915e-4
2575,2.4061455008058376e-4
5680,5.549230091976678e-4
4021,0.9396806566120448
2448,0.9973028180526003
4122,0.0013387986014016507
6133,0.0014774052569489025
4485,0.027184178037102373
5104,2.236604051120259e-4
9818,0.46542719862352716
458,0.008429381099393674
9755,0.9502631933555994
1041,0.04723960695512675
4815,6.04013211787524e-4
8188,4.707836828374673e-4
6691,4.016061264261001e-4
2600,0.9982389672277241
8054,1.35666370127869e-4
6506,0.031837075332181955
9578,0.8937736519962108
5560,0.21284070368172672
8545,1.5937310408557705e-4
3888,0.015828459697687168
8849,0.9669887962942915
1561,5.718229756565767e-4
6967,2.5143663873793625e-4
9413,0.2000392237908277
1645,0.9964542262784357
2699,4.4592004379128195e-4
3519,0.001494128141695961
6669,2.4571723501303584e-4
1988,0.04082220400749211
1377,8.606393540614114e-4
3004,0.011612874293530836
6276,0.0011959937613582698
4037,0.009139035131380873
3717,0.0011428006378007228
2017,0.0033370693148011264
1038,0.10819277316263518
3943,0.014086254982850748
1505,0.022313092344777196
2990,0.9738628911156577
1485,0.00452689203914629
8203,0.002919245625607358
2277,0.001517256940286124
5132,0.9897354530800537
8189,0.984049852378787
4217,0.013841902858237354
2128,0.007966803341447662
3723,0.007183073616362908
1180,3.370031525906442e-4
1731,0.001140429729688039
715,6.560832763215528e-4
9541,0.9987655540865089
2524,4.619498383175284e-4
7729,0.8869103452741853
8111,4.305891565118625e-4
3951,0.10073051233153033
3225,3.4836456075544044e-4
4277,2.3557133830569892e-4
1402,2.2621073022193166e-4
7242,0.0037227993860926042
396,0.002665990113274139
6441,0.7640187872975726
8257,0.957760826089512
763,2.03631517919148e-4
5546,0.06839651384568587
5613,1.8180044759229946e-4
2969,0.9057904584235098
899,0.029644659696544794
804,0.005844305796950919
3111,0.3730700182241461
393,3.153011280718265e-4
3766,7.13944759682422e-4
714,0.0027059213124663
7200,6.275408543319073e-4
1300,3.095567084595206e-4
7786,0.17992182775232127
8253,0.004720090652147876
7221,0.04946837704215174
6581,0.0011793559288896895
3956,6.335373707942125e-4
8045,8.926592372459915e-5
8589,0.6879380394475568
2327,0.0128312751248573
9323,3.684979228876201e-4
7843,6.848370665266994e-4
7582,0.9590751287951658
2214,0.0010124351427261073
8084,0.005212164640781843
7518,2.996827974980641e-4
6271,4.865268136005533e-4
6807,0.0023531629972132215
9840,2.3985966931604511e-4
6384,2.9443910554364047e-4
9379,2.0112183361685514e-4
1791,0.0018877484885485114
3147,0.001082108873564118
973,0.02851335186352105
9610,0.001024618361851534
8079,0.044194783243243184
1254,0.0016372014168090114
7887,6.142662271745017e-4
9571,0.0013252302587661133
3089,5.551187843424424e-4
2854,0.006960799249308908
7156,0.9866708151172018
6080,0.7032097230865343
10041,0.025305732579176114
7286,1.2508675827964724e-4
5468,7.510179978391455e-4
3092,3.0917154026499877e-4
9938,0.0010670009353213033
6682,0.009650201590149012
2130,0.1927876556416594
2181,0.0015739096606432164
6764,2.76264988385572e-4
5668,0.005589391547608299
2710,4.4459306830498267e-4
4389,0.9979670176242017
4398,0.043721945447313434
1383,0.011320393999883313
225,0.0174639731314624
5276,2.0055691476749443e-4
4176,1.5480588855317257e-4
106,0.8341720049107256
8450,0.001058015725115081
3737,5.106412402622069e-4
6800,4.3512117118046364e-4
4796,1.1393653077488418e-4
5198,0.11642173695939925
6683,0.001511399248526218
5191,1.5751159528063467e-4
4036,0.002269179258307756
290,0.00673509647271444
5716,0.5464334244621699
7698,1.9540924003186576e-4
5866,0.08568053520213334
2673,0.015599103677220937
6032,1.9826327355133307e-4
9417,0.1765405953989383
8954,9.896694711397328e-4
4791,5.948832881883684e-4
298,0.022497354205829975
10076,0.0024381423564937663
7081,0.9947291126388303
4707,8.824659502376108e-4
6334,0.005348522095280081
7239,0.9987161699503487
7551,0.962626065010038
3336,0.36881361038997795
148,0.0024667287416192353
1648,7.842374708200288e-4
1469,2.3816962794869412e-4
6827,3.888914179711152e-4
3990,0.011693778186312407
4666,0.0021093540785472103
2430,0.00214551009898566
8207,5.01312060017082e-4
58,9.86192171909708e-5
4778,0.9935131018614871
587,0.021460815743719063
9277,0.004367075291661677
4483,3.599459717486122e-4
8443,3.6196398583024315e-4
8902,3.9065894240650494e-4
9557,3.279647921695971e-4
4299,0.021452815849274637
522,7.860549205958303e-4
6084,0.9983644309918196
1216,2.8689107383374636e-4
5370,4.474000933697049e-4
9434,1.7684691112830592e-4
210,0.001128138387755206
1490,0.004758238530825716
8832,0.019736000142376472
1168,3.219505806425211e-4
5794,3.902044514449783e-4
8980,0.0016698277466201316
2955,0.0010662312630539063
3773,1.0097204149630216e-4
7385,8.754392538846636e-5
6782,6.407408907121451e-4
3946,6.015763661280423e-4
1599,0.9409033560327471
6470,1.669607650909891e-4
5757,9.630343636201118e-4
3735,0.12385835518869368
8391,0.002228766868904383
4552,0.049069919014959364
7336,0.0016397119170199863
9151,5.81429421858152e-4
7945,3.6290969687468645e-4
5700,4.6667394204351966e-4
6710,0.001258034800261691
1271,0.3747801528767039
7354,5.720848408999816e-4
5182,0.0011626647203996036
3335,0.9175860333554573
3054,5.001118069844273e-4
7104,0.0013617115932676829
6347,0.002469631816268856
6419,6.34983959537031e-4
2075,7.826111309700443e-4
1370,1.940825391870806e-4
9108,0.015467442755913883
7120,0.014472634756970634
8572,0.0577725036199638
5440,0.4856435221439591
7366,0.9951660979126763
2657,0.0023773708300245068
6051,0.00160186402988789
913,2.551004129889108e-4
8478,0.0024633449206715725
8141,1.4495526838733004e-4
5534,9.303370513683427e-4
8924,0.12737223688745214
4906,0.9726112480503434
6025,3.648509946881252e-4
9251,0.0021599285656515943
5088,3.4694532413022915e-4
1595,0.0016682185427223267
7218,0.004313549892478145
9512,0.001500557319570585
8996,0.8412313806860446
2492,1.3788164096225041e-4
8251,2.5089164489962203e-4
47,0.11258064070584628
728,4.8675841474303945e-4
5453,1.3037238502270674e-4
3649,0.0011546847027887215
1572,0.00164346663233613
5043,0.035785750086657596
2753,0.9954729021748858
6417,0.054292867522048927
5485,0.0010694404567721792
5510,4.8380796902185885e-4
1694,0.00418850589622845
9572,0.9771301095580417
2225,0.37131277698731335
1099,3.338895378411724e-4
1226,3.1540132042031483e-4
6638,3.1154128720523803e-4
7608,0.9899823350647184
3478,0.8627452266731025
4462,6.631587420371219e-4
9003,0.0010798480559452363
3179,0.004802951157659328
2027,0.9807623607157799
2812,0.001054581428187534
1828,8.543615335931579e-4
8709,3.115175578755386e-4
8554,1.597435582711788e-4
935,0.6130210589651746
6982,6.710359980141627e-4
1147,4.4714223424620407e-4
7102,0.003576997001417148
3437,0.03717189633419211
1181,0.0021413252012603807
4087,0.0013980333725302336
7794,0.16676558000256314
4882,8.100001321753442e-4
329,0.9580151311824269
4794,6.396754321255307e-4
9769,0.024074829218633534
5741,4.229006294114273e-4
426,3.4208094244918757e-4
3079,0.347393847046188
3964,0.9988055023522013
4413,0.9978573386302804
2081,3.2221389859298855e-4
4297,0.7708830869912482
617,0.0769235586841214
7060,0.014499461237663852
8848,7.71327559632544e-4
7935,0.0025154211178404925
118,4.7630337095878883e-4
5632,0.08295984367752823
8614,0.0020101459848286436
5792,3.4259039507002274e-4
9326,0.0018302328072866633
5640,2.4213696751203173e-4
1319,2.757432561679442e-4
9853,0.004227941074530624
5671,2.736562606401978e-4
10028,1.7339870117062553e-4
5463,0.9346020585189236
5883,7.801991810286792e-4
3825,0.007900155591480306
793,0.003275742995787131
7035,2.5432429812276774e-4
683,0.2478094410031408
601,0.5600172501411426
6491,4.309795780544718e-4
5373,9.233688959801388e-4
3366,3.5817317704675176e-4
9511,0.9679718536192347
2312,0.8705836497972697
8475,2.7460389488192426e-4
321,0.14467654501029004
2668,0.014223382703072933
736,0.003713113299254511
3211,7.718887952542798e-4
8204,0.003899812521907487
7596,0.0032857691324906083
9798,3.744698902807091e-4
5789,9.496002359644048e-4
4062,4.488307777739251e-4
9123,0.1528437302804331
5047,0.28996533533077407
3645,0.0016064265804043183
1345,6.156296217465032e-4
1719,0.002000675083193487
9850,0.001753093592969302
5126,0.0011519915100397335
6937,0.996375458760395
8070,0.0010048320996937157
9336,5.837165245185299e-4
8127,0.007555826665347058
5071,0.13861230339229294
9002,2.179817170795176e-4
3119,0.9973760135539501
2140,0.006652746025571206
9053,0.008567662217749492
7055,1.341868498798591e-4
6815,0.0012155568873119878
5778,1.6622236699735836e-4
784,0.9534458278022484
7009,3.479995281659608e-4
7660,0.9421382329714588
5927,0.9843387360821484
4181,1.735524875380307e-4
5120,1.7964218675416377e-4
1507,0.01877035250111938
4468,0.008922657602683013
745,2.2287307074275077e-4
2721,5.565213821225471e-4
8180,0.9993565992973094
3891,7.638863461609554e-4
9407,0.006834435557388158
1204,0.06841659240408533
9926,3.0520953679160967e-4
922,1.918619323354025e-4
8911,1.715624468161812e-4
615,0.0038589791325873966
9821,0.0016719006795600027
7646,0.001043234774833943
6715,0.0013426733920816017
2149,0.9950320612329683
7074,0.009723127052236406
3643,0.5640331527261372
2945,0.002837633037286753
783,0.002931974846812137
5488,3.682355775854116e-4
1085,0.07187278764469922
9144,2.045609373110425e-4
9809,4.4302948085685727e-4
5098,1.624209284207671e-4
5142,2.508196007736924e-4
1238,0.2422199663811415
1393,3.5716061703206355e-4
3607,3.6078414851347605e-4
2829,4.6747317759700117e-4
4617,0.04731571828830584
5278,0.0015867744748672265
5913,0.0016048623349558964
1457,2.3923958813508713e-4
2922,0.008386674430859433
236,2.6726445222314394e-4
8897,0.024122078994218376
9697,0.07175415167733475
4488,0.0012718001597393285
7337,5.02540768536266e-4
1127,0.9695644431692687
3165,0.991024587702854
3550,0.9508668822302887
8173,0.010373443060176795
3605,0.0036744512325525033
7349,1.4725563859203754e-4
7986,0.045795384152777105
5035,0.024063078711988123
2531,0.007192866001401693
4793,3.211372223449318e-4
10004,0.577443657875506
5945,0.0011044125156028466
7033,0.0019563216112392415
5252,4.5234602703064634e-4
5800,8.04482539600455e-5
6951,0.0012946146024060056
5595,4.2043580933387106e-4
9137,5.714404114071526e-4
6973,0.9839664686655905
9660,9.150611575399961e-4
1631,0.012999961381346228
4189,0.001141334090914245
1569,9.130948953550069e-4
7990,0.012684163632420125
370,0.0030466409786092325
889,0.993932540341178
6489,7.472618196155061e-4
357,1.4299365354212702e-4
3268,4.3975068683791e-4
10121,2.7367542637462714e-4
272,0.0016105467924674198
120,0.002260405264796605
1299,2.7799895541762105e-4
9237,1.4015486612653494e-4
1298,0.9941513089221743
355,0.00347942652422226
152,0.9914387695409388
6167,2.5490419943120356e-4
890,1.6390168802951041e-4
9907,7.776056925715779e-4
5839,4.964010346306992e-4
3811,3.1714948699915354e-4
6533,0.9929639932150518
373,0.0062044255222931805
9293,9.590185099261228e-4
6274,3.735140403872877e-4
5988,7.929680894110772e-4
9091,0.0232112689394826
2789,5.576809122661674e-4
5558,0.0020990203098139614
8288,0.021881771816281717
7751,0.001190667757007493
6196,1.536275493535165e-4
7431,0.995514416481124
2887,0.001748994730259854
1737,0.022982709567921967
2907,1.0661888088450422e-4
983,0.0022376332179297074
7487,1.4774522721533882e-4
6269,0.11758188468280642
9132,6.297935907152558e-4
3566,0.0029466598906968886
9991,0.00567086444240525
1243,0.001097951399273563
4660,3.073170442112904e-4
9882,0.7689607547461476
7860,3.9216769799242364e-4
3538,2.3007001749154776e-4
7924,7.392028155907745e-4
8962,3.1172315581522284e-4
6647,6.441224786670488e-4
4195,0.007197836451627874
8617,2.2214434428286642e-4
5974,0.016779059547071158
4790,0.026408983574095365
647,0.0017802539677469135
5049,0.01132419642028315
2020,3.246781733586449e-4
9516,3.082734783892764e-4
3163,5.924865776870268e-4
9220,8.587605071067554e-4
267,0.001184728943531435
3312,9.27284973924361e-5
534,7.810516278228827e-4
5523,2.8859593619161083e-4
6515,1.1889733150602774e-4
1273,3.8577202387389987e-4
6687,6.268044592353414e-4
292,0.9877654639796318
2153,5.961231827460393e-4
8917,0.0011567388193024415
6273,9.570013569740024e-4
3057,0.007649006155914622
4284,0.9963683783951266
6560,0.0058864912136529
5599,0.9777562600876775
2640,6.362454619562979e-4
8970,0.9939831038215513
6999,0.989901090099514
9910,0.01015557873387506
1342,0.9981384750577295
1410,0.9596540966346584
9335,0.0098185403339245865
5227,0.9950271981691738
7446,9.036748963759114e-4
3555,0.9931633438601969
1426,0.0020819343245423176
3261,0.16427365705377048
6688,0.005129663959837867
2846,0.0023894790308968154
6166,0.0015564688944947058
3893,0.16288864995499275
3236,0.9884934970229222
8472,0.015758306255968153
9501,0.0032284316796419923
3688,0.0018978214407572736
2568,5.443641971302587e-4
9565,0.035690297864550406
7019,0.9961677028170349
2761,0.9713179136141767
1533,2.097160899258533e-4
1679,0.0017177409797710143
7639,1.6825696923210154e-4
3244,0.0011274684690878002
2822,3.8507210971659315e-4
3913,0.017741800906770678
2104,4.1790075472315644e-4
636,1.3120852181263697e-4
6802,2.7584167664331606e-4
4987,0.00263756824666127
4828,0.9354493995523
4771,0.00202194553247614
4446,2.643821785661203e-4
6017,6.61646444218966e-4
6482,0.0017749312266594488
8259,2.4138835255519843e-4
4173,0.0024155848603794974
989,0.0017434233987927842
8093,0.8808544042099538
5590,8.363758498471853e-4
6732,0.004094883383347767
7464,2.899489991599595e-4
7913,8.89946937939748e-5
756,3.264647227456951e-4
1529,3.8498139668480556e-4
390,2.613897458728138e-4
5733,3.645166521128902e-4
416,5.658925715560679e-4
538,0.005385278435555377
9449,0.03377960455177071
6125,0.0954951281804369
2962,0.6548324112158488
1853,0.00137614061522688
6082,0.40766181986932715
9967,0.0169696827148138
8110,6.080842997833592e-4
2352,0.001199352676976202
2344,3.116557624654677e-4
3133,2.3163213718617017e-4
5243,0.9713719294779041
3019,0.002171855323215922
5816,1.5330547910943576e-4
9287,7.132993364030045e-4
6103,4.195638958032354e-4
6418,5.625016851531037e-4
6624,2.6320804906379466e-4
9767,5.832765307758098e-4
1434,0.9929356292417383
6165,4.3185569756526307e-4
5921,1.6345164827055673e-4
7304,0.049473583441628874
6826,9.832074541087695e-4
7310,0.0020542821668691554
5860,0.023597495457038195
3358,8.650179755189308e-5
8072,3.265013773540973e-4
6203,0.0012237068712453842
4226,0.006946504105484721
2650,0.016655354529116154
2134,0.003717748804723459
3590,0.06401426704303366
1148,0.9948864181316773
526,1.5372494575503678e-4
5939,0.0015874992395677593
5770,3.3225139320114145e-4
4214,0.002377853899504732
8001,2.3907810604351202e-4
839,1.0643377726557458e-4
801,0.9971417055484949
1444,3.9840642790152104e-4
8843,0.006181336626492275
2458,0.003867090605234006
5556,0.9614882468596728
5564,0.9748639856458263
4575,4.6382873861716066e-4
2544,0.001601660018664079
2446,0.9786258060499181
3537,7.490351178475692e-4
3572,5.028546645623734e-4
324,0.0010059779201085962
3078,3.7992628696930676e-4
1787,0.002955719607604047
3421,0.06066451264669546
7288,0.9542286205991821
9292,4.617000426178523e-4
4885,0.0015342911098729561
1270,3.6137605766190883e-4
9462,2.3105635693747818e-4
3575,7.835108123963596e-4
8932,1.3702140503144087e-4
3731,1.8970434585404848e-4
4290,0.05256949781358414
7944,0.0011932403002466241
8580,1.8008073169910956e-4
8836,1.4896099909090138e-4
6717,0.0021480272317840913
3755,3.5555524759581843e-4
6834,0.0015352627625679273
9950,1.7118732167547123e-4
6886,0.005794317993944817
7666,0.016492657936769434
1363,2.2551015073334524e-4
5938,8.310802933273031e-4
3601,0.0012189651265250142
9414,0.0033643094390248232
8846,0.004868299823883589
9268,0.6616016758294407
3321,0.009645610863278056
684,5.662882413419985e-4
1625,0.0010163953162798112
8484,1.8703100425474303e-4
4048,3.5326877628425276e-4
9725,5.03022136505208e-4
74,0.9202837840274845
5062,1.4733531246021383e-4
6390,0.0011414685242119998
1194,1.8517654123029398e-4
3561,1.5584146418913877e-4
7749,0.0028172844917519423
8201,0.0010779141407254466
871,0.8389075121021785
3049,0.9178408500939356
5718,2.8451749299321475e-4
1014,0.002167866794413701
2865,0.03496274421874891
3113,3.198139774258347e-4
8256,0.9508666312109557
5676,0.007232892600224814
4792,0.0244136239949154
1711,0.5782782280764428
8315,3.459874541169686e-4
7295,8.270777593847152e-4
5248,0.3706189626146213
146,0.003290416558071747
9471,5.143220887510444e-4
5954,2.0073229438481618e-4
3256,0.8480741849140667
711,9.96979813778485e-5
9206,5.774221413568109e-4
4079,0.052006221634776494
4957,7.108654665263885e-4
1450,0.0012217623547077128
8125,0.31830591246125783
8493,0.013315994315875795
2505,0.0013915280760670552
1190,0.0015097224077840173
7202,9.542961600075853e-4
701,0.03545221939526272
1334,2.1345745178112088e-4
5188,3.6022470423808844e-4
5427,0.0018986245214757506
2790,0.04569871108314939
481,0.995516406603496
8700,3.0414707671336494e-4
2283,0.21883895820855917
2924,0.2673009283130442
6693,0.002186007608355125
568,0.986223003402159
1067,1.290886721702251e-4
1101,2.243272269548196e-4
5992,1.8912550954120914e-4
5172,0.9989905171339148
6189,0.0011474012414555382
7123,1.509168780291383e-4
1379,0.9932429399749776
413,0.02391541200958609
9756,0.004301684906259261
2539,9.657859997608296e-4
1338,0.0011596388221327151
4354,2.5980393298674577e-4
5615,3.178205981180782e-4
3747,3.2271270784177137e-4
8270,0.024567754465762218
4690,0.010806121640300074
5425,1.8709454501978514e-4
4486,0.003378841195238121
9131,0.821433493704174
4614,4.2891657547291135e-4
211,0.21338301351412867
7784,2.1966627084997768e-4
8564,0.0025937328167878037
4673,1.346607851838981e-4
8806,1.8663261500498118e-4
4190,2.0692801316913735e-4
3435,0.9982178570880846
3408,2.519021113823523e-4
6499,0.989352303460596
3341,0.04432426992143347
1834,0.9987564598132027
1998,6.47217048727288e-4
6076,0.9974371078402601
994,1.835050443335095e-4
1889,0.0023871321597270178
5712,0.05407772355565609
3652,1.3656877675848088e-4
5818,8.170216142924636e-4
323,8.842255522959059e-4
4687,0.0018756185120284063
3463,2.950285739413589e-4
1321,0.9871380538075629
6311,0.9899356777329356
2569,0.9920864810985733
8608,0.009131317161368611
4714,0.5521856499382481
293,0.0024492073147915063
878,0.9525752892825203
8107,0.001293692564150764
4068,0.012738453945866394
7041,0.9935112509808562
2674,4.6294730965343463e-4
9705,0.004830432845614556
4984,0.006549514172704538
3774,0.012312287028272861
6920,0.005259403136880771
4350,0.007322578641661435
4751,0.007400135057654715
1156,0.006504835086530188
5695,0.03323169435546364
5476,0.002832457345592669
1738,3.395678066597612e-4
7205,0.001387179330863086
3381,0.0011519377710338676
3823,0.002880332731720384
3394,1.8465107898679454e-4
6685,7.434358139795374e-4
5484,0.0040570213805945065
2659,0.008498176804370023
9142,0.0022265587308374244
8482,0.0017094150776025662
9359,0.9005694129366764
3446,0.9580902843023571
3337,0.21908045995574127
5972,0.9776162970938956
5543,0.001141931895651112
1816,4.794806598805036e-4
9623,0.8768438941045189
5971,0.0019142026841713709
203,0.0012089071067666415
1368,0.0031296614124569308
9365,3.7623460679794927e-4
7169,0.18045464639368594
856,0.00780581335583054
4559,9.240272864866629e-4
3494,2.7638150948705386e-4
9031,0.9397882586870248
3451,0.00031037435065157985
8398,3.940338469987839e-4
1591,0.10311842784561963
3433,0.006114398943202472
8445,3.466025022740173e-4
6765,0.002485468886128414
2138,0.004967266946970127
1872,2.2447386912865727e-4
1855,0.9962418901265104
5297,6.813563414274083e-4
5911,0.020241991025213246
1705,1.9577855647423515e-4
8057,4.4289272721874905e-4
2278,0.0012083717191422247
8012,0.006749854434309274
10084,0.8771620193130686
2297,0.0011492370916337735
1881,2.9379749927822943e-4
1920,0.0010727315577415161
4401,0.0030828191190205834
6062,8.965389814226246e-4
7893,0.22271216714998374
6797,1.28057848482801e-4
1437,2.3573563643850565e-4
6906,0.4505759226238048
5407,0.005014019548990955
446,1.8166285583000682e-4
8648,0.004246645405613598
2809,0.003295047440756023
8814,0.0011758484700969706
4913,0.005421453001629438
165,0.9874655136732171
2726,1.2864653663626686e-4
1849,0.5999686719187542
7084,3.557709216748127e-4
1683,0.026606002809632143
9286,0.027496975626415832
1509,0.002073940040562451
491,0.8484651446577475
2591,0.9868663708755202
9113,1.9568630472199523e-4
2839,2.5205602303889177e-4
5843,0.0011280815786648612
5391,0.003977090539820624
5156,2.3221229218856683e-4
4824,0.01264076425674754
1999,5.906033254719592e-4
1813,0.9943326662045151
4840,0.0022121354435703515
8603,0.003044622794033535
8434,7.693022535761135e-4
5007,5.524643561440267e-4
7996,0.9995076529989005
5583,8.698877392580496e-4
3805,0.9248018253788589
8498,0.983027216070636
5519,0.001376787941884987
3501,2.008780028791649e-4
658,2.4517061537991105e-4
6517,8.115180165728234e-4
698,0.005227559557129594
247,6.176637264469514e-4
9540,4.043403542204389e-4
565,4.960533532090724e-4
8217,4.3281523150564996e-4
9139,0.01612594589261796
2022,0.9987730923271569
7495,0.6278233326559902
7826,9.541481285525211e-4
110,0.9978265108539437
5327,0.007973406620795967
2915,0.047966498580953136
3428,0.06873627647267501
6627,0.8951919479895933
5956,0.993444775655091
3454,1.0593015104929339e-4
6485,0.002085443000026762
5505,1.9915186691008422e-4
7962,2.4390898431273707e-4
6118,0.01194536890514103
1768,0.005723203077563102
8816,0.006973637484807964
1072,1.7025008342542495e-4
8235,0.9317585073012647
2648,3.926165380425793e-4
6523,2.751110038577196e-4
6690,0.001102190354347142
4038,0.97988363180236
7504,0.0018698699002346313
8128,0.01652989142437633
9833,0.9815837205833507
9098,4.942365794988535e-4
4013,1.0803152528805255e-4
1624,0.04552970970297933
5253,0.20773790768957498
2443,2.2768679299812328e-4
7691,3.9337415592884806e-4
8573,0.0012655448632633533
814,7.208839503454552e-4
9905,7.052657437965502e-4
1949,1.1475141391180136e-4
2709,4.3569098282077574e-4
4202,2.1599186557038112e-4
5967,0.012366928983166934
9955,0.004998814824889544
6089,3.964953151913309e-4
2805,0.0012051979343580435
817,0.0011478569911764127
9332,0.011422003273846805
2061,3.923324139969132e-4
1366,0.03469576142308628
1095,3.285630170313538e-4
9150,0.9935566698340604
7404,5.391046836211975e-4
249,4.625908979682777e-4
7162,0.0036874557481155062
2079,0.004241729103128897
9424,0.0033109865310980845
7319,1.4160853174128963e-4
3385,0.003735113459462093
5261,0.004830524063154739
27,0.4894868910088005
6549,4.138662080933045e-4
1487,0.0026104163812086046
2835,0.9962451995731718
4402,0.9978704033303726
2462,0.0014937689093106297
1073,5.467344561283873e-4
9430,0.7654271207777028
9963,0.9897733707055499
3322,0.9978919859632102
7798,0.03326648023298365
2961,0.0028047014675431866
948,0.9972799240481617
9273,2.9002982532401385e-4
8313,0.0035273615059743437
1244,1.9073510284772123e-4
1306,9.502563580835975e-4
6532,0.0024948749142336677
8449,0.0015371322546774801
9584,1.3717649555441215e-4
830,0.004638978656210949
7158,0.0031582947512892785
7545,0.001251654042556798
8934,0.8686280975736871
5324,0.997475892051593
9429,0.05766119540548176
4910,0.0036585801135479417
5708,2.2786903316736947e-4
8422,3.1446946935446084e-4
3496,0.007111565105627868
4752,0.002241445018731304
8227,2.0163032271976577e-4
5414,0.35734283629302904
2913,0.9651589473854187
4005,2.5762860898460914e-4
4441,1.6794114621456816e-4
4113,0.021422124489664744
4461,4.878105961923844e-4
6154,2.631750233092341e-4
7492,6.330626831446647e-4
9588,0.14610731832110208
8392,3.6211948877543884e-4
7953,2.2423020068259916e-4
729,0.0041083487284100054
3816,0.8177604560878395
3673,7.836151222360289e-4
8451,0.01772855486758588
4869,3.5994829089193165e-4
7099,0.9856775809630268
3973,0.011347857855261203
1052,4.08633266228444e-4
263,0.9984184072669895
5642,3.847116004541111e-4
2565,0.0526026861172854
2556,4.3682114399262387e-4
6392,2.084681794515463e-4
4636,0.9715698707420526
6140,0.9963774641007745
4274,0.17343945012494064
9779,0.16340612561071732
5662,0.05987719175675472
1699,2.3456224479784897e-4
1936,0.08049056780360773
4192,0.99811792755313
5036,5.692781088306381e-4
4100,0.9783669763980208
8037,0.0420204988654808
9581,4.4374090919559173e-4
9507,0.0029770277190518785
10022,2.534193872977959e-4
5193,2.2292938051691907e-4
5791,0.050900359460137976
5902,1.5769833907597922e-4
1387,0.005510422447808289
8454,0.9946235139039674
6625,0.005114544216330707
462,4.831730165383885e-4
3857,3.564199602665133e-4
451,2.3272992174029603e-4
3377,9.128006442374596e-4
4233,1.179435873676674e-4
1538,0.006714106169347303
10014,0.01416383522273088
785,0.0031902971082560226
3741,0.09203212492928027
1590,0.9793841697108809
6864,7.403248296124016e-4
6974,0.0025855471590158392
3146,0.017764967396366235
7343,0.9175994723242988
545,0.15408814071520363
4365,0.0014200324367154848
2188,0.0829295990645605
9223,0.0031101872372724057
8717,0.9977193552392353
4729,0.0023106251609327157
1532,5.031967351721802e-4
9860,0.005642910764055461
9801,5.279709383413786e-4
7332,4.6898760101035485e-4
1177,0.799606458299233
1522,1.385650535455962e-4
2940,0.02716981909737381
5657,8.528884529547788e-4
7974,5.097365845001139e-4
6555,0.9534309235510303
5698,0.994522176165562
5234,0.014374451996403286
1669,0.07169366392007426
2951,0.028306205090621733
2859,0.0036336057108249213
6236,0.996387981312228
8951,0.003532466028318574
9387,0.020657152334287384
8066,0.0010985531743838196
7135,0.0035587950120386145
3923,5.874892605908839e-4
3149,0.0015151992740999626
7047,0.0045458049764044205
2574,0.32019972813706254
9889,0.005443936539594168
8386,3.475219077562573e-4
8804,0.025807346143569564
6351,1.3429652378946455e-4
2713,0.0034261753656492765
6770,0.9955936349884797
4495,7.198754234352604e-4
717,6.646818921195225e-4
2690,0.0016580084334817
7266,8.338271309083372e-4
708,0.00228428187432936
6898,0.0015853769398501904
7021,5.422899760410727e-4
7776,1.8817746704507447e-4
3624,6.30227206526968e-4
9659,0.9877215352801892
1249,9.549135112486267e-4
81,0.8961062813410144
6160,1.8059602286229917e-4
6280,0.0017326561981494495
9672,0.05326420213158992
1682,0.9989830974554589
202,0.04091071691035948
9189,0.04606921721519908
8469,5.263436375707464e-4
4306,6.214654601279784e-4
1983,0.006685598560118668
6698,2.3853718887507211e-4
4862,1.3805990384588765e-4
1164,0.9968452311848226
605,0.03616314793653506
9497,5.174668020809948e-4
2146,7.550145887435694e-4
606,0.9964184461031178
4477,0.8017544272549285
5340,5.099129382567847e-4
5753,3.786981692683919e-4
8888,2.3486776893531767e-4
1587,9.928322673634438e-4
739,2.4219517287391137e-4
5422,0.0016040690125692673
4554,0.97708687859637
4775,1.776057164387217e-4
8651,6.046429038977503e-4
4357,6.062855834305146e-4
9488,0.06011086445956612
3360,0.052465846854268604
1971,1.563375605194023e-4
7494,0.9849612035305289
7611,8.424654653521729e-5
6212,0.05146974909806993
5577,0.050653235786796896
3297,2.9483424153322143e-4
1336,4.878783646278887e-4
2875,2.03290905863773e-4
721,0.0014934403811832414
8166,3.585264088185691e-4
6213,0.47291241011722274
7196,0.035280364480049946
3654,0.24044813033902823
1745,0.0059598944734238065
8569,0.0015600007619628853
4818,5.844036579104493e-4
8271,0.006177530337476069
9082,0.5253177656459054
2167,2.505184750015903e-4
7704,0.021954956646032944
4867,0.5209307805720854
10073,0.00578594927399803
1661,0.6031243178713966
5849,0.972743526156827
7716,0.023780860874857365
4513,0.0010167012887100848
260,1.556253316134107e-4
8144,1.5236547905756725e-4
9567,5.352351037933834e-4
2513,2.8305030237139775e-4
9976,3.711628650412372e-4
5470,4.473418432638295e-4
1577,0.001258708219293884
8909,2.0524887641762483e-4
7141,0.005408695762769972
1779,0.007240429325326322
7219,1.6075028143435808e-4
7432,2.84164569615752e-4
2541,0.005002705418486515
9682,0.0025929220085100517
8891,0.9106746717062576
8809,0.00287776380105428
8807,1.2019153813066578e-4
3887,0.2056699058083384
9214,0.9901399316935372
9088,0.013935358976463813
1543,3.6714298163645993e-4
786,6.696802029488983e-4
4469,0.0024246703032114922
8808,7.448974500007492e-4
4287,2.8916366882304805e-4
8415,2.3538983071158992e-4
9781,0.9948411339891021
593,0.9505104439187095
4381,0.0015274302461904736
6192,0.0019081648160413976
5581,4.3967873428642657e-4
6300,0.04690437403706688
8014,0.003465868386353128
3376,0.013649652560706528
45,0.023954893419524184
1266,0.06847389232728
9034,2.862385503638507e-4
9992,0.0016166477264646934
7451,8.344816920812214e-4
5409,0.001967796332887348
10089,0.9968717307201701
1022,0.0057228605120155365
1026,0.4051005962355109
7590,0.998236982353273
1597,0.9990977046598936
6019,7.373796374762249e-4
4764,2.7433800255030643e-4
1776,0.002979397464291094
3455,3.991088919565465e-4
9642,0.012293945437010692
5952,5.176143087133305e-4
6056,0.0020293868245863755
8399,2.4866796134629456e-4
2882,8.838398587433994e-4
6722,9.435242159558981e-4
6162,1.7780689533401214e-4
8385,0.0014903316241604426
4314,0.07741844965137243
7013,7.176161263655398e-4
3391,0.010217339135823062
7939,0.0030652904702660987
5526,1.946136186226122e-4
1940,0.0037566784580744255
5658,2.0813374079991733e-4
770,0.0052434063208453745
9451,3.6865199822950877e-4
5681,0.003097966588079458
8124,2.1787007339899386e-4
10035,0.2598526378541798
8964,0.0017454676889917247
5355,0.9490528380919785
3950,0.01651328640833189
217,3.088945086350156e-4
9800,1.1962882366564705e-4
8322,0.1701349663909541
8176,1.7801559038445406e-4
4278,2.504964916788009e-4
102,3.954929901346913e-4
9715,6.030635146588193e-4
9662,7.567991266820371e-4
752,3.7834811312600653e-4
3976,3.9732001130307886e-4
5541,6.422283865092118e-4
3935,0.9950751432874786
3486,2.8782557409126966e-4
1516,1.5535578131104825e-4
4694,5.396901305497502e-4
6938,3.794449439098828e-4
2185,0.9345367854271246
4959,0.14960489941450772
8325,0.9945547367451785
460,0.9962770704175119
507,0.012515503411356727
8151,8.183516720457115e-4
7488,0.9993076484044787
4929,5.927347325493656e-4
3039,3.308097120852211e-4
2228,0.0019770941388651056
4093,0.9820043207879957
6035,2.802399278774177e-4
530,1.7502422437093478e-4
10082,0.05650305060811425
372,5.142656606642488e-4
1710,3.674320666199618e-4
7976,0.8465046763775016
2893,3.770474478353295e-4
4184,0.061959945319646034
2555,7.85897451663939e-4
4408,1.3500609630202775e-4
7497,4.662208748135549e-4
7089,0.0014282953813371576
9224,0.7404001085122248
2708,0.006524554402882282
1373,0.08035377476873952
5529,0.030080703849092692
6252,0.002666196946268072
9222,0.007265371096611312
9912,3.1197977011900247e-4
144,9.851625589662895e-5
1251,0.005861345354949965
8474,3.4819302162078806e-4
6579,1.571347659346898e-4
7139,5.377748633146643e-4
667,0.8125469896920321
1614,0.015203754817458694
6437,3.4705528445931524e-4
2746,0.02193560891630508
8609,0.0017096804332939557
7676,0.0019856317236953314
4759,0.14688231274557828
9691,3.233986978378552e-4
2388,0.04958990802933306
9117,0.14310493195979013
9663,0.03060786801523097
1278,0.008665093767107182
4901,1.669426471742451e-4
5403,0.003488881824323687
8516,3.722307283623419e-4
8729,3.681758695865685e-4
7875,2.8598911822586573e-4
5784,1.7306105550091285e-4
8839,0.32809124601422285
9312,0.06467910617011643
5204,0.027477294869051323
206,0.009726744037181254
5745,0.016894460051759992
8947,2.992160353683133e-4
5421,0.0020247199460119015
1231,0.9952326590521947
9722,0.001492375678142432
1771,0.0031994639537762997
1225,5.659910477735387e-4
1446,0.002844862078691739
6228,4.385135399039831e-4
124,0.0023007433028067845
6741,3.1937867825819726e-4
750,2.1240019426842772e-4
8483,0.9972744022577287
8575,4.954051976261741e-4
2834,0.022609523098133678
9799,0.0010547875660966229
6127,0.001180433977213233
7179,4.3485188269313743e-4
9077,0.9983075089545366
9590,2.4964066542960066e-4
4545,2.0056515153298184e-4
4118,2.2036468744031983e-4
4787,0.41918631013133056
2816,0.9669665480913069
7291,0.002661904038892885
8626,7.04496349580568e-4
8403,0.004009017820878992
707,0.028596805297349003
4244,0.9983590081174675
6957,0.1005445243014051
7806,6.090749414577393e-4
1932,0.9987261507516909
5721,0.9042667843888496
5397,0.006841321415744783
3387,0.028223045992555915
4881,0.006832359609940107
3371,0.9906686700428085
8734,4.5953269332154435e-4
14,0.18857669404274613
2062,0.018900141933988382
4837,2.420376390565727e-4
8941,5.635740261396339e-4
319,0.8535138155578227
2792,5.968700845501692e-4
874,1.0622058303061776e-4
7002,0.01078443640279469
753,1.5255416854152384e-4
9304,0.8566817939266107
7489,0.1566528264474648
5877,0.0012089232938706244
8471,0.0018448522481548971
9166,7.791615433982564e-4
7788,0.002943295800983129
9628,3.732962570237567e-4
9008,0.0017230494568787837
6386,8.839274830443947e-4
8448,0.9774909900628922
5649,0.003279485325842688
7604,0.005442496363065633
2281,0.005871857605535201
8528,0.30140234807993727
4709,0.001741147187995021
7109,5.059856786064392e-4
3691,8.327871520705604e-4
3727,3.532669665120211e-4
6836,0.053419301314303363
7774,4.640723667394263e-4
497,2.7796550220896384e-4
876,3.508710213139477e-4
6371,0.013531943644499776
2474,0.001959356031499919
3075,7.276317090517899e-4
5056,0.009032523379136171
5244,0.005509717933761482
4296,0.9942017009873526
3972,2.0378317230995498e-4
6170,0.002223964843882934
1748,7.08030212526754e-4
5362,0.0017965636729477216
8597,0.9920908632687615
4411,3.5182147898760397e-4
1897,0.003833374243938546
2613,1.9642790676338605e-4
9126,3.5547948542869823e-4
3874,2.2241027792780263e-4
10065,0.06382310662841006
1935,0.0013240789209301735
7547,0.9987522682863086
2135,0.7841615364885777
5238,0.92731970141455
768,0.1982087067631784
1657,0.011782159751847356
9627,0.005407661591189472
5026,2.7080137942952137e-4
3436,0.0013882994723862585
7515,3.643577062119424e-4
823,1.844702336492698e-4
233,0.00922770678717376
7671,6.229813230117418e-4
6733,0.9930214858971651
9693,0.44359813946352505
8200,0.9595457418813288
9064,0.5757633259815674
8218,0.012314963319225358
5568,0.013038099357811648
3083,0.0064886482285355495
8056,1.523229941013604e-4
2393,2.176084693799371e-4
1100,6.226502259443561e-4
854,6.113505933570127e-4
356,0.1921066671542574
3294,7.44547790589274e-4
6231,0.30824245846944315
1688,7.984718438155848e-4
7651,0.01175005668745606
6602,0.13832872802153198
7326,3.529375614508428e-4
9040,0.5930114252675356
5943,2.5314652524996325e-4
2220,0.025555158970457757
474,0.0518171996769355
2441,0.0015048527776301667
4162,0.003405202826333465
1755,0.0012023670016616933
8470,6.168726180099644e-4
5267,0.9951998627333289
352,8.46900165701832e-4
3413,1.227418916201012e-4
4002,0.004417578430577076
5249,0.9914475594531055
6779,0.003611475546556013
6943,1.2326860084271098e-4
7661,0.003930020697764832
6117,3.172042333647373e-4
7713,6.365006055397018e-4
3109,2.0555580487132018e-4
852,2.771540993240166e-4
3309,0.3087856123853212
1149,0.9986702173701828
2797,2.5588051815497075e-4
9527,0.24653477820569933
3040,0.12125752366398164
7325,2.463661562619721e-4
9400,0.9641338677930876
8197,0.9976668522408674
2009,0.0016892561043406454
3304,5.693585444094113e-4
9185,0.007131788234021782
6968,0.0034021864300468525
5895,1.4348356370521962e-4
6226,0.0035800551170555445
4256,0.0019164120913401938
1541,0.998870566267713
3762,5.628412780475372e-4
821,2.330223211928535e-4
6942,0.0015655348302830616
4858,0.05596307557649509
3235,1.7291395708780323e-4
5295,0.9488428503946347
9568,0.01812523016987955
7768,6.16988479483663e-4
991,0.3361050713313271
10077,0.0060333243335667025
6487,0.021002528989240595
3420,5.388578818814173e-4
4643,2.109232644981998e-4
5177,0.0018772483732773994
4523,0.009074064229151284
4163,1.6067015095354723e-4
1003,9.649298375266686e-5
8874,0.9302757112892756
6308,0.998319258194289
1392,1.7888933305547803e-4
5884,0.0253377669354924
10070,0.0011615826978282472
1385,8.55757755593111e-4
3948,0.003994930973174124
9703,0.006526780965905104
8043,0.9897789460503682
362,0.035659322634831146
1795,0.9426603176564369
8967,4.751692227100552e-4
9808,0.9521831684619187
3623,0.0013006704720912193
8968,2.6858661641563486e-4
7147,1.786837098313445e-4
9636,0.001837859192372986
3995,4.767372667888076e-4
7409,0.9047189978401573
8148,2.3333854042551565e-4
4855,5.575893558557374e-4
2078,3.14209995153031e-4
3291,2.3498431737382068e-4
661,0.0011650124736596902
6439,0.9795443226007791
5280,0.35366511022702135
7753,0.001517783080123122
709,3.225663210162705e-4
4543,9.437689038835288e-4
616,0.012064931284958356
6182,0.001575058690155443
5920,0.7962949489889226
9878,6.47468651276332e-4
2634,0.1008902850249006
5619,8.079349828791478e-4
5693,6.122303579309206e-4
4667,0.00640880538819352
6931,0.993466993564541
8893,0.004656940419038771
8345,7.059618269841595e-4
4889,0.9906935686180142
18,1.3427753188822541e-4
6446,0.0013846644858753925
7330,0.08413887981387254
645,9.139951425636152e-4
4289,1.9022362861709514e-4
6175,0.001736847326868316
5832,0.01233786643069329
5834,2.1344272536516482e-4
3693,0.14695536434287926
1252,4.356398764077204e-4
3134,1.4165507896993871e-4
4718,0.0014426851728085853
6427,0.002305034466413218
702,0.00350270255018612
9229,1.7798482963190298e-4
2255,0.00640366552790655
9059,0.01715087529993138
5797,0.003230515389917861
2890,0.046317379706922124
6172,7.096418010623538e-4
4783,0.0014646362129018943
5858,6.09854189203832e-4
4199,0.0014470233984381705
3422,1.51908856904988e-4
9386,0.002676442188956902
732,0.9892369582352097
8696,0.10533682244887278
7452,4.7620898885592086e-4
6996,2.5019985066906166e-4
9518,6.474636887177683e-4
571,5.922650098496765e-4
3752,0.004506160105770836
1025,6.945468845737342e-4
6663,0.0016402957758914032
6534,0.0013272260992776674
2905,4.060650831825645e-4
6453,0.0024874106311271855
7103,0.014319790441616605
358,0.012983456117283902
6149,0.017446818902917854
10016,0.003358579696655634
4448,2.422470724466341e-4
1359,4.807172627656762e-4
6738,0.06715292003584979
4307,0.9972587260239666
9425,6.039521258467377e-4
2782,2.8583199498271873e-4
4816,1.084714379694946e-4
6399,0.9832361680320071
4455,0.0018344940033560271
7143,5.80007091175845e-4
5100,1.9602541296962194e-4
3088,0.9827693645454052
5146,0.002682313561969942
5916,0.03904049296671112
8885,0.9737471379004458
7118,0.0010947854892193049
3239,0.001187333771176795
2096,0.0010611227629076416
1692,8.926061055533895e-4
9344,0.9967137469259275
1069,8.971542286568076e-4
6174,0.9587683105046257
6993,9.247037709232378e-4
3181,0.003977000659829634
657,6.521607511071785e-4
4703,0.8067215759034868
9179,0.0030736570003067286
3664,0.9512333620897697
9888,0.27331991544836476
9366,8.540427428894346e-4
1053,0.8673352112985595
8258,0.8197168097593489
9857,0.005419975205938901
1399,7.429459518107471e-4
2314,1.6681643858213572e-4
8425,0.0073571981114333145
3022,2.737238850066376e-4
6227,0.941502108299818
6697,3.9224776687350955e-4
1310,0.0014239855262604358
4463,0.016932273210591337
6944,0.9486136051145262
9822,0.9895064264151471
